{"cameraMode":{"drawMode":0,"name":"Shaded","section":"Shading Mode"},"sceneLighting":true,"audioPlay":false,"sceneViewState":{"m_AlwaysRefresh":false,"showFog":true,"showSkybox":true,"showFlares":true,"showImageEffects":true,"showParticleSystems":true,"showVisualEffectGraphs":true,"m_FxEnabled":false},"in2DMode":false,"pivot":{"x":516.4551391601563,"y":48.231117248535159,"z":318.8390808105469},"rotation":{"x":0.037964534014463428,"y":0.959067165851593,"z":-0.23317545652389527,"w":0.15615017712116242},"size":149.8761444091797,"orthographic":true}