{"cameraMode":{"drawMode":0,"name":"Shaded","section":"Shading Mode"},"sceneLighting":false,"audioPlay":false,"sceneViewState":{"m_AlwaysRefresh":false,"showFog":true,"showSkybox":false,"showFlares":true,"showImageEffects":true,"showParticleSystems":true,"showVisualEffectGraphs":true,"m_FxEnabled":false},"in2DMode":false,"pivot":{"x":-0.03359687328338623,"y":0.1658545434474945,"z":-0.05133146047592163},"rotation":{"x":0.005133695434778929,"y":0.9918965697288513,"z":-0.1196020245552063,"w":0.042576953768730167},"size":0.9082801938056946,"orthographic":true}